{"cameraMode":{"drawMode":0,"name":"Shaded","section":"Shading Mode"},"sceneLighting":true,"audioPlay":false,"sceneViewState":{"m_AlwaysRefresh":false,"showFog":true,"showSkybox":true,"showFlares":true,"showImageEffects":true,"showParticleSystems":true,"showVisualEffectGraphs":true,"m_FxEnabled":true},"in2DMode":false,"pivot":{"x":-3.073218822479248,"y":-26.82676887512207,"z":49.04875946044922},"rotation":{"x":0.25978994369506838,"y":-0.009350107051432133,"z":0.002551938872784376,"w":0.9656466841697693},"size":36.546871185302737,"orthographic":false}