{"cameraMode":{"drawMode":0,"name":"Shaded","section":"Shading Mode"},"sceneLighting":true,"audioPlay":false,"sceneViewState":{"m_AlwaysRefresh":false,"showFog":true,"showSkybox":true,"showFlares":true,"showImageEffects":true,"showParticleSystems":true,"showVisualEffectGraphs":true,"m_FxEnabled":true},"in2DMode":false,"pivot":{"x":63.79869842529297,"y":33.18061065673828,"z":251.68057250976563},"rotation":{"x":0.03255833685398102,"y":-0.08774136006832123,"z":-0.00287069589830935,"w":-0.9956022500991821},"size":152.89874267578126,"orthographic":false}